experiment,kv_quantization,state_quantization,state_backend,context_length,decode_steps,ppl,baseline_ppl,ppl_degradation_pct,elapsed_s,tokens_per_s
ssm_mx8_skip_attn_adjacent,normal,mx8,mx8_kernel,1024,128,3.1770376813339314,3.1872768394976805,-0.3212509825586074,4.108414852060378,31.155568414861456
ssm_mx8_skip_attn_adjacent,normal,mx8,mx8_kernel,1024,256,3.4709088908635426,3.446721854102322,0.7017403139865541,8.083541247993708,31.66928851430527
ssm_mx8_skip_attn_adjacent,normal,mx8,mx8_kernel,1024,512,2.687423320118992,2.6674680242511264,0.748098784556861,16.09490347886458,31.811312237587845
ssm_mx8_skip_attn_adjacent,normal,mx8,mx8_kernel,1024,1024,3.8637977466071476,3.7828616559389108,2.1395466720590006,32.721731984987855,31.294187009104313
ssm_mx8_skip_attn_adjacent,normal,mx8,mx8_kernel,1024,2048,4.940374998308461,4.778654966076091,3.3842165500633348,66.15554589731619,30.957344123179304
